id;mandate_number;mandate_date;issue_slip_number;month_and_year_of_issue;supporting_documents
1;d'entre sauf à;2025-03-02T04:27:29;vouh;du moment que là-haut;bondir
2;près;2025-03-02T07:10:11;jusque cuicui;demeurer entre-temps drelin;serviable
3;à travers peut-être;2025-03-01T17:33:53;puisque par suite de;tandis que maintenant;toc-toc
4;récupérer par suite de direction;2025-03-01T21:10:53;dès que guère;attraper pourvu que;rectangulaire si police
5;coin-coin;2025-03-01T14:56:08;ha ha;de crainte que;en outre de
6;du fait que corriger;2025-03-02T04:02:58;de peur que jouir depuis;de manière à ce que doucement lorsque;au-dessus de placide
7;communauté étudiante avant que;2025-03-02T08:38:50;gestionnaire main-d’œuvre davantage;comme presque;pratiquer mêler
8;sincère;2025-03-02T09:20:42;serrer conseil municipal;bon;chez
9;pacifique même si vlan;2025-03-02T00:05:50;hôte;dessous;parlementaire
10;vouh;2025-03-02T04:54:27;commis;souvent;main-d’œuvre
